code,type
100danlitovitz,Ticket Discount
100kermie2,Ticket Discount
100olelo2,Ticket Discount
adult1weekcomped,Ticket Discount
adult2weekscomped,Ticket Discount
aileyjolie,Ticket Discount
alexandra,Ticket Discount
alexandrapartner,Ticket Discount
alsu,Ticket Discount
alvaro100,Ticket Discount
andreavega,Invisible Tickets
bizzabotest,Ticket Discount
blackstuff,Ticket Discount
blog_vlnl_apr1,Tracking Only
bookclubwinner,Ticket Discount
bringafriend,Tracking Only
brucemuzik,Invisible Tickets
carlosaccess,Ticket Discount
cecilie,Ticket Discount
compedlearnlife,Ticket Discount
compedyouth,Ticket Discount
cynthiathurlow,Ticket Discount
cynthiathurlowaccess,Invisible Tickets
cynthiathurlowspecialguest1,Invisible Tickets
cynthiathurlowspecialguest2,Invisible Tickets
cynthiathurlowspecialguest3,Invisible Tickets
cynthiathurlowspecialguest4,Invisible Tickets
cynthiathurlowspecialguest5,Invisible Tickets
cynthiathurlowvipaccess1,Invisible Tickets
cynthiathurlowvipaccess2,Invisible Tickets
cynthiathurlowvipaccess3,Invisible Tickets
cynthiathurlowvipaccess4,Invisible Tickets
cynthiathurlowvipaccess5,Invisible Tickets
danbrule,Ticket Discount
danbruleaccess,Invisible Tickets
danbrulespecialguest1,Invisible Tickets
danbrulespecialguest2,Invisible Tickets
danbrulespecialguest3,Invisible Tickets
danbrulespecialguest4,Invisible Tickets
danbrulespecialguest5,Invisible Tickets
danbrulevipaccess1,Invisible Tickets
danbrulevipaccess2,Invisible Tickets
danbrulevipaccess3,Invisible Tickets
danbrulevipaccess4,Invisible Tickets
danbrulevipaccess5,Invisible Tickets
danielpriestley,Ticket Discount
danielpriestleyaccess,Invisible Tickets
danielpriestleyspecialguest1,Invisible Tickets
danielpriestleyspecialguest2,Invisible Tickets
danielpriestleyspecialguest3,Invisible Tickets
danielpriestleyspecialguest4,Invisible Tickets
danielpriestleyspecialguest5,Invisible Tickets
danielpriestleyvipaccess1,Invisible Tickets
danielpriestleyvipaccess2,Invisible Tickets
danielpriestleyvipaccess3,Invisible Tickets
danielpriestleyvipaccess4,Invisible Tickets
danielpriestleyvipaccess5,Invisible Tickets
dawnhoang,Ticket Discount
dawnhoangaccess,Invisible Tickets
dawnhoangspecialguest1,Invisible Tickets
dawnhoangspecialguest2,Invisible Tickets
dawnhoangspecialguest3,Invisible Tickets
dawnhoangspecialguest4,Invisible Tickets
dawnhoangspecialguest5,Invisible Tickets
dawnhoangvipaccess1,Invisible Tickets
dawnhoangvipaccess2,Invisible Tickets
dawnhoangvipaccess3,Invisible Tickets
dawnhoangvipaccess4,Invisible Tickets
dawnhoangvipaccess5,Invisible Tickets
djaccess,Ticket Discount
drjolenebrighten,Ticket Discount
drjolenebrightenaccess,Invisible Tickets
drjolenebrightenspecialguest1,Invisible Tickets
drjolenebrightenspecialguest2,Invisible Tickets
drjolenebrightenspecialguest3,Invisible Tickets
drjolenebrightenspecialguest4,Invisible Tickets
drjolenebrightenspecialguest5,Invisible Tickets
drjolenebrightenvipaccess1,Invisible Tickets
drjolenebrightenvipaccess2,Invisible Tickets
drjolenebrightenvipaccess3,Invisible Tickets
drjolenebrightenvipaccess4,Invisible Tickets
drjolenebrightenvipaccess5,Invisible Tickets
drscottlyon,Ticket Discount
drscottlyonaccess,Invisible Tickets
drscottlyonspecialguest1,Invisible Tickets
drscottlyonspecialguest2,Invisible Tickets
drscottlyonspecialguest3,Invisible Tickets
drscottlyonspecialguest4,Invisible Tickets
drscottlyonspecialguest5,Invisible Tickets
drscottlyonvipaccess1,Invisible Tickets
drscottlyonvipaccess2,Invisible Tickets
drscottlyonvipaccess3,Invisible Tickets
drscottlyonvipaccess4,Invisible Tickets
drscottlyonvipaccess5,Invisible Tickets
elios,Ticket Discount
email-aug20,Tracking Only
email-aug28,Tracking Only
email_1_coach_aug17,Tracking Only
email_1_daily_aug17,Tracking Only
email_1_events_aug17,Tracking Only
email_1_highlights_aug17,Tracking Only
email_1_mvm_aug17,Tracking Only
email_1_weekly_aug17,Tracking Only
email_ap29,Tracking Only
email_ap6,Tracking Only
email_apr10,Tracking Only
email_apr12,Tracking Only
email_apr16,Tracking Only
email_apr27,Tracking Only
email_apr30,Tracking Only
email_events_mar10,Tracking Only
email_feb25_vlnl,Tracking Only
email_june,Tracking Only
email_lastcall,Tracking Only
email_may1,Tracking Only
email_may2,Tracking Only
email_may24,Tracking Only
email_may25,Tracking Only
email_may26,Tracking Only
email_may3,Tracking Only
email_may7,Tracking Only
email_may8,Tracking Only
email_promo_oct,Tracking Only
email_unwrittenrulesmay19,Tracking Only
email_vlnl_apr8,Tracking Only
emaild_apr1,Tracking Only
emaild_apr2,Tracking Only
emaild_apr3,Tracking Only
emaile_apr1,Tracking Only
emaile_apr2,Tracking Only
emaile_apr3,Tracking Only
emailh_apr1,Tracking Only
emailh_apr3,Tracking Only
emailm_apr2,Tracking Only
emailm_apr3,Tracking Only
emailv_apr1,Tracking Only
emailw_apr1,Tracking Only
eoxmvu,Ticket Discount
ericedmeades,Ticket Discount
ericedmeadesaccess,Invisible Tickets
ericedmeadesspecialguest1,Invisible Tickets
ericedmeadesspecialguest2,Invisible Tickets
ericedmeadesspecialguest3,Invisible Tickets
ericedmeadesspecialguest4,Invisible Tickets
ericedmeadesspecialguest5,Invisible Tickets
ericedmeadesvipaccess1,Invisible Tickets
ericedmeadesvipaccess2,Invisible Tickets
ericedmeadesvipaccess3,Invisible Tickets
ericedmeadesvipaccess4,Invisible Tickets
ericedmeadesvipaccess5,Invisible Tickets
facebook,Tracking Only
familydiscount,Ticket Discount
featureb_nmvm,Tracking Only
featurebanner,Tracking Only
fhmastery2025specialcase,Ticket Discount
friendsofvishen,Invisible Tickets
friendsofvishencomped,Invisible Tickets
fuckupnights,Ticket Discount
fuckupnightsaccess,Invisible Tickets
fuckupnightsspecialguest1,Invisible Tickets
fuckupnightsspecialguest2,Invisible Tickets
fuckupnightsspecialguest3,Invisible Tickets
fuckupnightsspecialguest4,Invisible Tickets
fuckupnightsspecialguest5,Invisible Tickets
fuckupnightsvipaccess1,Invisible Tickets
fuckupnightsvipaccess2,Invisible Tickets
fuckupnightsvipaccess3,Invisible Tickets
fuckupnightsvipaccess4,Invisible Tickets
fuckupnightsvipaccess5,Invisible Tickets
fumikotakatsu,Ticket Discount
fumikotakatsuaccess,Invisible Tickets
fumikotakatsuspecialguest1,Invisible Tickets
fumikotakatsuspecialguest2,Invisible Tickets
fumikotakatsuspecialguest3,Invisible Tickets
fumikotakatsuspecialguest4,Invisible Tickets
fumikotakatsuspecialguest5,Invisible Tickets
fumikotakatsuvipaccess1,Invisible Tickets
fumikotakatsuvipaccess2,Invisible Tickets
fumikotakatsuvipaccess3,Invisible Tickets
fumikotakatsuvipaccess4,Invisible Tickets
fumikotakatsuvipaccess5,Invisible Tickets
gali,Ticket Discount
georgebellaccess,Invisible Tickets
halelrod,Ticket Discount
halelrodaccess,Invisible Tickets
halelrodspecialguest1,Invisible Tickets
halelrodspecialguest2,Invisible Tickets
halelrodspecialguest3,Invisible Tickets
halelrodspecialguest4,Invisible Tickets
halelrodspecialguest5,Invisible Tickets
halelrodvipaccess1,Invisible Tickets
halelrodvipaccess2,Invisible Tickets
halelrodvipaccess3,Invisible Tickets
halelrodvipaccess4,Invisible Tickets
halelrodvipaccess5,Invisible Tickets
happiness,Ticket Discount
hex,Invisible Tickets
hexcomped,Invisible Tickets
himanshujakhar,Ticket Discount
hololife,Ticket Discount
humangarage,Invisible Tickets
humangaragespecialguest1,Invisible Tickets
humangaragespecialguest2,Invisible Tickets
humangaragespecialguest3,Invisible Tickets
humangaragespecialguest4,Invisible Tickets
humangaragespecialguest5,Invisible Tickets
humangaragevipaccess1,Invisible Tickets
humangaragevipaccess2,Invisible Tickets
humangaragevipaccess3,Invisible Tickets
humangaragevipaccess4,Invisible Tickets
humangaragevipaccess5,Invisible Tickets
instagram,Tracking Only
jadeshaw,Ticket Discount
jadeshawaccess,Invisible Tickets
jadeshawspecialguest1,Invisible Tickets
jadeshawspecialguest2,Invisible Tickets
jadeshawspecialguest3,Invisible Tickets
jadeshawspecialguest4,Invisible Tickets
jadeshawspecialguest5,Invisible Tickets
jadeshawvipaccess1,Invisible Tickets
jadeshawvipaccess2,Invisible Tickets
jadeshawvipaccess3,Invisible Tickets
jadeshawvipaccess4,Invisible Tickets
jadeshawvipaccess5,Invisible Tickets
jamiesea,Ticket Discount
jamieseaaccess,Invisible Tickets
jamieseaspecialguest1,Invisible Tickets
jamieseaspecialguest2,Invisible Tickets
jamieseaspecialguest3,Invisible Tickets
jamieseaspecialguest4,Invisible Tickets
jamieseaspecialguest5,Invisible Tickets
jamieseavipaccess1,Invisible Tickets
jamieseavipaccess2,Invisible Tickets
jamieseavipaccess3,Invisible Tickets
jamieseavipaccess4,Invisible Tickets
jamieseavipaccess5,Invisible Tickets
jeffreyallen,Ticket Discount
jeffreyallenaccess,Invisible Tickets
jeffreyallenspecialguest1,Invisible Tickets
jeffreyallenspecialguest2,Invisible Tickets
jeffreyallenspecialguest3,Invisible Tickets
jeffreyallenspecialguest4,Invisible Tickets
jeffreyallenspecialguest5,Invisible Tickets
jeffreyallenvipaccess1,Invisible Tickets
jeffreyallenvipaccess2,Invisible Tickets
jeffreyallenvipaccess3,Invisible Tickets
jeffreyallenvipaccess4,Invisible Tickets
jeffreyallenvipaccess5,Invisible Tickets
jeremyharbour,Ticket Discount
jeremyharbouraccess,Invisible Tickets
jeremyharbourspecialguest1,Invisible Tickets
jeremyharbourspecialguest2,Invisible Tickets
jeremyharbourspecialguest3,Invisible Tickets
jeremyharbourspecialguest4,Invisible Tickets
jeremyharbourspecialguest5,Invisible Tickets
jeremyharbourvipaccess1,Invisible Tickets
jeremyharbourvipaccess2,Invisible Tickets
jeremyharbourvipaccess3,Invisible Tickets
jeremyharbourvipaccess4,Invisible Tickets
jeremyharbourvipaccess5,Invisible Tickets
jimkwik,Ticket Discount
jimkwikaccess,Invisible Tickets
jimkwikspecialguest1,Invisible Tickets
jimkwikspecialguest2,Invisible Tickets
jimkwikspecialguest3,Invisible Tickets
jimkwikspecialguest4,Invisible Tickets
jimkwikspecialguest5,Invisible Tickets
jimkwikvipaccess1,Invisible Tickets
jimkwikvipaccess2,Invisible Tickets
jimkwikvipaccess3,Invisible Tickets
jimkwikvipaccess4,Invisible Tickets
jimkwikvipaccess5,Invisible Tickets
jimmynaraineaccess,Invisible Tickets
johnlee,Ticket Discount
johnleeaccess,Invisible Tickets
johnleespecialguest1,Invisible Tickets
johnleespecialguest2,Invisible Tickets
johnleespecialguest3,Invisible Tickets
johnleespecialguest4,Invisible Tickets
johnleespecialguest5,Invisible Tickets
johnleevipaccess1,Invisible Tickets
johnleevipaccess2,Invisible Tickets
johnleevipaccess3,Invisible Tickets
johnleevipaccess4,Invisible Tickets
johnleevipaccess5,Invisible Tickets
johnwineland,Ticket Discount
johnwinelandaccess,Invisible Tickets
johnwinelandspecialguest1,Invisible Tickets
johnwinelandspecialguest2,Invisible Tickets
johnwinelandspecialguest3,Invisible Tickets
johnwinelandspecialguest4,Invisible Tickets
johnwinelandspecialguest5,Invisible Tickets
johnwinelandvipaccess1,Invisible Tickets
johnwinelandvipaccess2,Invisible Tickets
johnwinelandvipaccess3,Invisible Tickets
johnwinelandvipaccess4,Invisible Tickets
johnwinelandvipaccess5,Invisible Tickets
juliatitova,Ticket Discount
jurisiilvask,Ticket Discount
kaisaisawesome,Ticket Discount
kristinaaccess,Invisible Tickets
kristinamandlakhiani,Ticket Discount
kristinamandlakhianiaccess,Invisible Tickets
kristinamandlakhianispecialguest1,Invisible Tickets
kristinamandlakhianispecialguest2,Invisible Tickets
kristinamandlakhianispecialguest3,Invisible Tickets
kristinamandlakhianispecialguest4,Invisible Tickets
kristinamandlakhianispecialguest5,Invisible Tickets
kristinamandlakhianivipaccess1,Invisible Tickets
kristinamandlakhianivipaccess2,Invisible Tickets
kristinamandlakhianivipaccess3,Invisible Tickets
kristinamandlakhianivipaccess4,Invisible Tickets
kristinamandlakhianivipaccess5,Invisible Tickets
lance,Ticket Discount
learnlifefamily,Invisible Tickets
leeholden,Ticket Discount
leeholdenaccess,Invisible Tickets
leeholdenspecialguest1,Invisible Tickets
leeholdenspecialguest2,Invisible Tickets
leeholdenspecialguest3,Invisible Tickets
leeholdenspecialguest4,Invisible Tickets
leeholdenspecialguest5,Invisible Tickets
leeholdenvipaccess1,Invisible Tickets
leeholdenvipaccess2,Invisible Tickets
leeholdenvipaccess3,Invisible Tickets
leeholdenvipaccess4,Invisible Tickets
leeholdenvipaccess5,Invisible Tickets
liveevent,Tracking Only
lorinkrenn,Ticket Discount
lorinkrennaccess,Invisible Tickets
lorinkrennspecialguest1,Invisible Tickets
lorinkrennspecialguest2,Invisible Tickets
lorinkrennspecialguest3,Invisible Tickets
lorinkrennspecialguest4,Invisible Tickets
lorinkrennspecialguest5,Invisible Tickets
lorinkrennvipaccess1,Invisible Tickets
lorinkrennvipaccess2,Invisible Tickets
lorinkrennvipaccess3,Invisible Tickets
lorinkrennvipaccess4,Invisible Tickets
lorinkrennvipaccess5,Invisible Tickets
mabelduchossoy,Ticket Discount
mariawendt,Ticket Discount
mariawendtaccess,Invisible Tickets
mariawendtspecialguest1,Invisible Tickets
mariawendtspecialguest2,Invisible Tickets
mariawendtspecialguest3,Invisible Tickets
mariawendtspecialguest4,Invisible Tickets
mariawendtspecialguest5,Invisible Tickets
mariawendtvipaccess1,Invisible Tickets
mariawendtvipaccess2,Invisible Tickets
mariawendtvipaccess3,Invisible Tickets
mariawendtvipaccess4,Invisible Tickets
mariawendtvipaccess5,Invisible Tickets
marisapeer,Ticket Discount
marisapeeraccess,Invisible Tickets
marisapeerspecialguest1,Invisible Tickets
marisapeerspecialguest2,Invisible Tickets
marisapeerspecialguest3,Invisible Tickets
marisapeerspecialguest4,Invisible Tickets
marisapeerspecialguest5,Invisible Tickets
marisapeervipaccess1,Invisible Tickets
marisapeervipaccess2,Invisible Tickets
marisapeervipaccess3,Invisible Tickets
marisapeervipaccess4,Invisible Tickets
marisapeervipaccess5,Invisible Tickets
mayaraichoora,Ticket Discount
mayaraichooraaccess,Invisible Tickets
mayaraichooraspecialguest1,Invisible Tickets
mayaraichooraspecialguest2,Invisible Tickets
mayaraichooraspecialguest3,Invisible Tickets
mayaraichooraspecialguest4,Invisible Tickets
mayaraichooraspecialguest5,Invisible Tickets
mayaraichooravipaccess1,Invisible Tickets
mayaraichooravipaccess2,Invisible Tickets
mayaraichooravipaccess3,Invisible Tickets
mayaraichooravipaccess4,Invisible Tickets
mayaraichooravipaccess5,Invisible Tickets
mehulshah,Invisible Tickets
memberstal,Ticket Discount
merlesaccess,Ticket Discount
miguelplus1,Ticket Discount
mohanfriends,Ticket Discount
mvbookclub,Ticket Discount
mvcertification,Ticket Discount
mvcs,Tracking Only
mvfamily,Invisible Tickets
mvu20,Ticket Discount
mvuparties,Invisible Tickets
mvuphotographers,Invisible Tickets
mycrewpass,Invisible Tickets
myrna,Invisible Tickets
myrnavip,Ticket Discount
nastyatestregistration,Ticket Discount
natalieellis,Ticket Discount
natalieellisaccess,Invisible Tickets
natalieellisspecialguest1,Invisible Tickets
natalieellisspecialguest2,Invisible Tickets
natalieellisspecialguest3,Invisible Tickets
natalieellisspecialguest4,Invisible Tickets
natalieellisspecialguest5,Invisible Tickets
natalieellisvipaccess1,Invisible Tickets
natalieellisvipaccess2,Invisible Tickets
natalieellisvipaccess3,Invisible Tickets
natalieellisvipaccess4,Invisible Tickets
natalieellisvipaccess5,Invisible Tickets
newsfeed,Tracking Only
nicksantonastasso,Ticket Discount
nicksantonastassoaccess,Invisible Tickets
nicksantonastassospecialguest1,Invisible Tickets
nicksantonastassospecialguest2,Invisible Tickets
nicksantonastassospecialguest3,Invisible Tickets
nicksantonastassospecialguest4,Invisible Tickets
nicksantonastassospecialguest5,Invisible Tickets
nicksantonastassovipaccess1,Invisible Tickets
nicksantonastassovipaccess2,Invisible Tickets
nicksantonastassovipaccess3,Invisible Tickets
nicksantonastassovipaccess4,Invisible Tickets
nicksantonastassovipaccess5,Invisible Tickets
niraj,Ticket Discount
nirajsband,Invisible Tickets
opatra,Ticket Discount
partycomp100,Ticket Discount
paulmckenna,Ticket Discount
paulmckennaaccess,Invisible Tickets
paulmckennaspecialguest1,Invisible Tickets
paulmckennaspecialguest2,Invisible Tickets
paulmckennaspecialguest3,Invisible Tickets
paulmckennaspecialguest4,Invisible Tickets
paulmckennaspecialguest5,Invisible Tickets
paulmckennavipaccess1,Invisible Tickets
paulmckennavipaccess2,Invisible Tickets
paulmckennavipaccess3,Invisible Tickets
paulmckennavipaccess4,Invisible Tickets
paulmckennavipaccess5,Invisible Tickets
performeraccess,Ticket Discount
photo1week,Ticket Discount
photo2weeks,Ticket Discount
popup,Tracking Only
promo_email,Tracking Only
promo_jan,Tracking Only
promo_nf,Tracking Only
push,Tracking Only
rachelpringle,Ticket Discount
rachelpringleaccess,Invisible Tickets
rachelpringlespecialguest1,Invisible Tickets
rachelpringlespecialguest2,Invisible Tickets
rachelpringlespecialguest3,Invisible Tickets
rachelpringlespecialguest4,Invisible Tickets
rachelpringlespecialguest5,Invisible Tickets
rachelpringlevipaccess1,Invisible Tickets
rachelpringlevipaccess2,Invisible Tickets
rachelpringlevipaccess3,Invisible Tickets
rachelpringlevipaccess4,Invisible Tickets
rachelpringlevipaccess5,Invisible Tickets
reganhillyer,Ticket Discount
reganhillyeraccess,Invisible Tickets
reganhillyerspecialguest1,Invisible Tickets
reganhillyerspecialguest2,Invisible Tickets
reganhillyerspecialguest3,Invisible Tickets
reganhillyerspecialguest4,Invisible Tickets
reganhillyerspecialguest5,Invisible Tickets
reganhillyervipaccess1,Invisible Tickets
reganhillyervipaccess2,Invisible Tickets
reganhillyervipaccess3,Invisible Tickets
reganhillyervipaccess4,Invisible Tickets
reganhillyervipaccess5,Invisible Tickets
robertedward,Ticket Discount
robertedwardgrant,Ticket Discount
robertedwardgrantaccess,Invisible Tickets
robertedwardgrantspecialguest1,Invisible Tickets
robertedwardgrantspecialguest2,Invisible Tickets
robertedwardgrantspecialguest3,Invisible Tickets
robertedwardgrantspecialguest4,Invisible Tickets
robertedwardgrantspecialguest5,Invisible Tickets
robertedwardgrantvipaccess1,Invisible Tickets
robertedwardgrantvipaccess2,Invisible Tickets
robertedwardgrantvipaccess3,Invisible Tickets
robertedwardgrantvipaccess4,Invisible Tickets
robertedwardgrantvipaccess5,Invisible Tickets
roland,Ticket Discount
rolandaccess,Invisible Tickets
ronanvip,Ticket Discount
ruivas100,Ticket Discount
saaraandmeriaccess,Invisible Tickets
sammyaccess,Ticket Discount
sapien,Ticket Discount
selfreset,Ticket Discount
senseizentakai,Ticket Discount
senseizentakaiaccess,Invisible Tickets
senseizentakaispecialguest1,Invisible Tickets
senseizentakaispecialguest2,Invisible Tickets
senseizentakaispecialguest3,Invisible Tickets
senseizentakaispecialguest4,Invisible Tickets
senseizentakaispecialguest5,Invisible Tickets
senseizentakaivipaccess1,Invisible Tickets
senseizentakaivipaccess2,Invisible Tickets
senseizentakaivipaccess3,Invisible Tickets
senseizentakaivipaccess4,Invisible Tickets
senseizentakaivipaccess5,Invisible Tickets
sharron,Ticket Discount
sheleanaaiyana,Ticket Discount
sheleanaaiyanaaccess,Invisible Tickets
sheleanaaiyanaspecialguest1,Invisible Tickets
sheleanaaiyanaspecialguest2,Invisible Tickets
sheleanaaiyanaspecialguest3,Invisible Tickets
sheleanaaiyanaspecialguest4,Invisible Tickets
sheleanaaiyanaspecialguest5,Invisible Tickets
sheleanaaiyanavipaccess1,Invisible Tickets
sheleanaaiyanavipaccess2,Invisible Tickets
sheleanaaiyanavipaccess3,Invisible Tickets
sheleanaaiyanavipaccess4,Invisible Tickets
sheleanaaiyanavipaccess5,Invisible Tickets
shihengyi,Ticket Discount
shihengyiaccess,Invisible Tickets
shihengyispecialguest1,Invisible Tickets
shihengyispecialguest2,Invisible Tickets
shihengyispecialguest3,Invisible Tickets
shihengyispecialguest4,Invisible Tickets
shihengyispecialguest5,Invisible Tickets
shihengyivipaccess1,Invisible Tickets
shihengyivipaccess2,Invisible Tickets
shihengyivipaccess3,Invisible Tickets
shihengyivipaccess4,Invisible Tickets
shihengyivipaccess5,Invisible Tickets
simonalexanderong,Ticket Discount
simonalexanderongaccess,Invisible Tickets
simonalexanderongspecialguest1,Invisible Tickets
simonalexanderongspecialguest2,Invisible Tickets
simonalexanderongspecialguest3,Invisible Tickets
simonalexanderongspecialguest4,Invisible Tickets
simonalexanderongspecialguest5,Invisible Tickets
simonalexanderongvipaccess1,Invisible Tickets
simonalexanderongvipaccess2,Invisible Tickets
simonalexanderongvipaccess3,Invisible Tickets
simonalexanderongvipaccess4,Invisible Tickets
simonalexanderongvipaccess5,Invisible Tickets
simonevincenzi,Ticket Discount
singla,Ticket Discount
smmreslara1,Ticket Discount
soniachoquetteaccess,Invisible Tickets
soniachoquettevipaccess1,Invisible Tickets
specialguest,Invisible Tickets
specialguestcomped,Invisible Tickets
steinerkovarik,Ticket Discount
stevenheineaccess,Invisible Tickets
svoi,Ticket Discount
thenomadscape,Ticket Discount
thibeault,Ticket Discount
thibeault3days,Ticket Discount
tonycho,Ticket Discount
tonychoaccess,Invisible Tickets
tonychospecialguest1,Invisible Tickets
tonychospecialguest2,Invisible Tickets
tonychospecialguest3,Invisible Tickets
tonychospecialguest4,Invisible Tickets
tonychospecialguest5,Invisible Tickets
tonychovipaccess1,Invisible Tickets
tonychovipaccess2,Invisible Tickets
tonychovipaccess3,Invisible Tickets
tonychovipaccess4,Invisible Tickets
tonychovipaccess5,Invisible Tickets
valeriahinojosa,Ticket Discount
valeriahinojosaaccess,Invisible Tickets
valeriahinojosaspecialguest1,Invisible Tickets
valeriahinojosaspecialguest2,Invisible Tickets
valeriahinojosaspecialguest3,Invisible Tickets
valeriahinojosaspecialguest4,Invisible Tickets
valeriahinojosaspecialguest5,Invisible Tickets
valeriahinojosavipaccess1,Invisible Tickets
valeriahinojosavipaccess2,Invisible Tickets
valeriahinojosavipaccess3,Invisible Tickets
valeriahinojosavipaccess4,Invisible Tickets
valeriahinojosavipaccess5,Invisible Tickets
vanjamoves,Ticket Discount
vanjamovesaccess,Invisible Tickets
vanjamovesspecialguest1,Invisible Tickets
vanjamovesspecialguest2,Invisible Tickets
vanjamovesspecialguest3,Invisible Tickets
vanjamovesspecialguest4,Invisible Tickets
vanjamovesspecialguest5,Invisible Tickets
vanjamovesvipaccess1,Invisible Tickets
vanjamovesvipaccess2,Invisible Tickets
vanjamovesvipaccess3,Invisible Tickets
vanjamovesvipaccess4,Invisible Tickets
vanjamovesvipaccess5,Invisible Tickets
veronica,Ticket Discount
vicaccess,Ticket Discount
vip1weekcomped,Ticket Discount
vip2weekscomped,Ticket Discount
vipdjaccess,Invisible Tickets
vipguest,Invisible Tickets
vire,Ticket Discount
vishenlakhiani,Ticket Discount
vishenlakhianiaccess,Invisible Tickets
vishenlakhianispecialguest1,Invisible Tickets
vishenlakhianispecialguest2,Invisible Tickets
vishenlakhianispecialguest3,Invisible Tickets
vishenlakhianispecialguest4,Invisible Tickets
vishenlakhianispecialguest5,Invisible Tickets
vishenlakhianivipaccess1,Invisible Tickets
vishenlakhianivipaccess2,Invisible Tickets
vishenlakhianivipaccess3,Invisible Tickets
vishenlakhianivipaccess4,Invisible Tickets
vishenlakhianivipaccess5,Invisible Tickets
vl_linkedin_2cpr,Tracking Only
volunteer1week,Invisible Tickets
volunteer2weeks,Invisible Tickets
webinar_apr29,Tracking Only
webpush,Tracking Only
withalessio,Ticket Discount
wonderlandaccess,Ticket Discount
youtube,Tracking Only
yt_2026,Tracking Only
